handle,title,body,vendor,qty,price,src,categories
chocolate-mousse-for-greedy-goose,Chocolate mousse for greedy Goose,"<div data-cel-widget=""bookDescription_feature_div"" data-csa-c-id=""hzeyb0-dqt71y-wmhiid-hpjvgq"" data-csa-c-is-in-initial-active-row=""false"" data-csa-c-asin=""0140545506"" data-csa-c-slot-id=""bookDescription_feature_div"" data-csa-c-content-id=""bookDescription"" data-csa-c-type=""widget"" data-feature-name=""bookDescription"" class=""celwidget"" id=""bookDescription_feature_div"">
<div class=""a-expander-collapsed-height a-row a-expander-container a-spacing-base a-expander-partial-collapse-container"" data-a-expander-collapsed-height=""280"" data-a-expander-name=""book_description_expander""></div>
</div>
<p><em><strong>Preloved Story Book</strong></em></p>
<p><em><strong>Condition: 9.5/10</strong></em></p>
<p><em><strong>Age Group: 2 to 7 years</strong></em></p>
<p> </p>
<p><br></p>",Book Heaven,1,595,2(5).jpg,"story-books,baby-to-2yrs,3-to-5yrs,6-to-12yrs"
guess-how-much-i-love-you,Guess how much I love you,"<div data-cel-widget=""bookDescription_feature_div"" data-csa-c-id=""hzeyb0-dqt71y-wmhiid-hpjvgq"" data-csa-c-is-in-initial-active-row=""false"" data-csa-c-asin=""0140545506"" data-csa-c-slot-id=""bookDescription_feature_div"" data-csa-c-content-id=""bookDescription"" data-csa-c-type=""widget"" data-feature-name=""bookDescription"" class=""celwidget"" id=""bookDescription_feature_div"">
<div class=""a-expander-collapsed-height a-row a-expander-container a-spacing-base a-expander-partial-collapse-container"" data-a-expander-collapsed-height=""280"" data-a-expander-name=""book_description_expander""></div>
</div>
<p><em><strong>Preloved Story Book</strong></em></p>
<p><em><strong>Condition: 9.5/10</strong></em></p>
<p><em><strong>Age Group: 2 to 7 years</strong></em></p>
<p> </p>
<p><br></p>",Book Heaven,1,450,2(6).jpg,"story-books,baby-to-2yrs,3-to-5yrs,6-to-12yrs"
i-will-not-ever-eat-tomato,I will not ever eat tomato,"<div data-cel-widget=""bookDescription_feature_div"" data-csa-c-id=""hzeyb0-dqt71y-wmhiid-hpjvgq"" data-csa-c-is-in-initial-active-row=""false"" data-csa-c-asin=""0140545506"" data-csa-c-slot-id=""bookDescription_feature_div"" data-csa-c-content-id=""bookDescription"" data-csa-c-type=""widget"" data-feature-name=""bookDescription"" class=""celwidget"" id=""bookDescription_feature_div"">
<div class=""a-expander-collapsed-height a-row a-expander-container a-spacing-base a-expander-partial-collapse-container"" data-a-expander-collapsed-height=""280"" data-a-expander-name=""book_description_expander""></div>
</div>
<p><em><strong>Preloved Story Book</strong></em></p>
<p><em><strong>Condition: 9.5/10</strong></em></p>
<p><em><strong>Age Group: 2 to 7 years</strong></em></p>
<p> </p>
<p><br></p>",Book Heaven,1,550,,"story-books,baby-to-2yrs,3-to-5yrs,6-to-12yrs"
the-worry-tiger,The worry tiger,"<div data-cel-widget=""bookDescription_feature_div"" data-csa-c-id=""hzeyb0-dqt71y-wmhiid-hpjvgq"" data-csa-c-is-in-initial-active-row=""false"" data-csa-c-asin=""0140545506"" data-csa-c-slot-id=""bookDescription_feature_div"" data-csa-c-content-id=""bookDescription"" data-csa-c-type=""widget"" data-feature-name=""bookDescription"" class=""celwidget"" id=""bookDescription_feature_div"">
<div class=""a-expander-collapsed-height a-row a-expander-container a-spacing-base a-expander-partial-collapse-container"" data-a-expander-collapsed-height=""280"" data-a-expander-name=""book_description_expander""></div>
</div>
<p><em><strong>Preloved Story Book</strong></em></p>
<p><em><strong>Condition: 9.5/10</strong></em></p>
<p><em><strong>Age Group: 2 to 7 years</strong></em></p>
<p> </p>
<p><br></p>",Book Heaven,1,475,2(7).jpg,"story-books,baby-to-2yrs,3-to-5yrs,6-to-12yrs"
dragon-on-the-doorstep,A dragon on the doorstep,"<div data-cel-widget=""bookDescription_feature_div"" data-csa-c-id=""hzeyb0-dqt71y-wmhiid-hpjvgq"" data-csa-c-is-in-initial-active-row=""false"" data-csa-c-asin=""0140545506"" data-csa-c-slot-id=""bookDescription_feature_div"" data-csa-c-content-id=""bookDescription"" data-csa-c-type=""widget"" data-feature-name=""bookDescription"" class=""celwidget"" id=""bookDescription_feature_div"">
<div class=""a-expander-collapsed-height a-row a-expander-container a-spacing-base a-expander-partial-collapse-container"" data-a-expander-collapsed-height=""280"" data-a-expander-name=""book_description_expander""></div>
</div>
<p><em><strong>Preloved Story Book</strong></em></p>
<p><em><strong>Condition: 9.5/10</strong></em></p>
<p><em><strong>Age Group: 2 to 7 years</strong></em></p>
<p> </p>
<p><br></p>",Book Heaven,1,575,2(8).jpg,"story-books,baby-to-2yrs,3-to-5yrs,6-to-12yrs"
sleep-tight-ginger-kitten,Sleep Tight ginger kitten,"<div data-cel-widget=""bookDescription_feature_div"" data-csa-c-id=""hzeyb0-dqt71y-wmhiid-hpjvgq"" data-csa-c-is-in-initial-active-row=""false"" data-csa-c-asin=""0140545506"" data-csa-c-slot-id=""bookDescription_feature_div"" data-csa-c-content-id=""bookDescription"" data-csa-c-type=""widget"" data-feature-name=""bookDescription"" class=""celwidget"" id=""bookDescription_feature_div"">
<div class=""a-expander-collapsed-height a-row a-expander-container a-spacing-base a-expander-partial-collapse-container"" data-a-expander-collapsed-height=""280"" data-a-expander-name=""book_description_expander""></div>
</div>
<p><em><strong>Preloved Story Book</strong></em></p>
<p><em><strong>Condition: 9.5/10</strong></em></p>
<p><em><strong>Age Group: Baby to 7 years</strong></em></p>
<p> </p>
<p><br></p>",Book Heaven,1,550,3(7).jpg,"story-books,baby-to-2yrs,3-to-5yrs,6-to-12yrs"
clean-up,Clean Up,"<div data-cel-widget=""bookDescription_feature_div"" data-csa-c-id=""hzeyb0-dqt71y-wmhiid-hpjvgq"" data-csa-c-is-in-initial-active-row=""false"" data-csa-c-asin=""0140545506"" data-csa-c-slot-id=""bookDescription_feature_div"" data-csa-c-content-id=""bookDescription"" data-csa-c-type=""widget"" data-feature-name=""bookDescription"" class=""celwidget"" id=""bookDescription_feature_div"">
<div class=""a-expander-collapsed-height a-row a-expander-container a-spacing-base a-expander-partial-collapse-container"" data-a-expander-collapsed-height=""280"" data-a-expander-name=""book_description_expander""></div>
</div>
<p><em><strong>Preloved Story Book</strong></em></p>
<p><em><strong>Condition: 9.5/10</strong></em></p>
<p><em><strong>Age Group: 2 to 7 years</strong></em></p>
<p> </p>
<p><br></p>",Book Heaven,1,550,3(10).jpg,"story-books,baby-to-2yrs,3-to-5yrs,6-to-12yrs"
maisy-goes-to-the-library,Maisy goes to the Library,"<div data-cel-widget=""bookDescription_feature_div"" data-csa-c-id=""hzeyb0-dqt71y-wmhiid-hpjvgq"" data-csa-c-is-in-initial-active-row=""false"" data-csa-c-asin=""0140545506"" data-csa-c-slot-id=""bookDescription_feature_div"" data-csa-c-content-id=""bookDescription"" data-csa-c-type=""widget"" data-feature-name=""bookDescription"" class=""celwidget"" id=""bookDescription_feature_div"">
<div class=""a-expander-collapsed-height a-row a-expander-container a-spacing-base a-expander-partial-collapse-container"" data-a-expander-collapsed-height=""280"" data-a-expander-name=""book_description_expander""></div>
</div>
<p><em><strong>Preloved Story Book</strong></em></p>
<p><em><strong>Condition: 9.5/10</strong></em></p>
<p><em><strong>Age Group: Baby to 5 years</strong></em></p>
<p> </p>
<p><br></p>",Book Heaven,1,550,3(11).jpg,"story-books,baby-to-2yrs,3-to-5yrs,6-to-12yrs"
the-runaway-pea,The Runaway Pea,"<div data-cel-widget=""bookDescription_feature_div"" data-csa-c-id=""hzeyb0-dqt71y-wmhiid-hpjvgq"" data-csa-c-is-in-initial-active-row=""false"" data-csa-c-asin=""0140545506"" data-csa-c-slot-id=""bookDescription_feature_div"" data-csa-c-content-id=""bookDescription"" data-csa-c-type=""widget"" data-feature-name=""bookDescription"" class=""celwidget"" id=""bookDescription_feature_div"">
<div class=""a-expander-collapsed-height a-row a-expander-container a-spacing-base a-expander-partial-collapse-container"" data-a-expander-collapsed-height=""280"" data-a-expander-name=""book_description_expander""></div>
</div>
<p><em><strong>Preloved Story Book</strong></em></p>
<p><em><strong>Condition: 9.5/10</strong></em></p>
<p><em><strong>Age Group: 2 to 7 years</strong></em></p>
<p> </p>
<p><br></p>",Book Heaven,1,495,2(4).jpg,"story-books,baby-to-2yrs,3-to-5yrs,6-to-12yrs"
bubble-blowers-beware,Bubble Blowers Beware,"<div data-cel-widget=""bookDescription_feature_div"" data-csa-c-id=""hzeyb0-dqt71y-wmhiid-hpjvgq"" data-csa-c-is-in-initial-active-row=""false"" data-csa-c-asin=""0140545506"" data-csa-c-slot-id=""bookDescription_feature_div"" data-csa-c-content-id=""bookDescription"" data-csa-c-type=""widget"" data-feature-name=""bookDescription"" class=""celwidget"" id=""bookDescription_feature_div"">
<div class=""a-expander-collapsed-height a-row a-expander-container a-spacing-base a-expander-partial-collapse-container"" data-a-expander-collapsed-height=""280"" data-a-expander-name=""book_description_expander""></div>
</div>
<p><em><strong>New Story Book</strong></em></p>
<p><em><strong>Condition: 9.5/10</strong></em></p>
<p><em><strong>Age Group: 2 to 7 years</strong></em></p>
<p> </p>
<p><br></p>",Book Heaven,1,575,3(13).jpg,"story-books,baby-to-2yrs,3-to-5yrs,6-to-12yrs"
paddington-goes-to-the-hospital,Paddington Goes to the Hospital,"<div data-cel-widget=""bookDescription_feature_div"" data-csa-c-id=""hzeyb0-dqt71y-wmhiid-hpjvgq"" data-csa-c-is-in-initial-active-row=""false"" data-csa-c-asin=""0140545506"" data-csa-c-slot-id=""bookDescription_feature_div"" data-csa-c-content-id=""bookDescription"" data-csa-c-type=""widget"" data-feature-name=""bookDescription"" class=""celwidget"" id=""bookDescription_feature_div"">
<div class=""a-expander-collapsed-height a-row a-expander-container a-spacing-base a-expander-partial-collapse-container"" data-a-expander-collapsed-height=""280"" data-a-expander-name=""book_description_expander""></div>
</div>
<p><em><strong>Preloved Story Book</strong></em></p>
<p><em><strong>Condition: 9.5/10</strong></em></p>
<p><em><strong>Age Group: 2 to 7 years</strong></em></p>
<p> </p>
<p><br></p>",Book Heaven,1,495,2(1).jpg,"story-books,baby-to-2yrs,3-to-5yrs,6-to-12yrs"
whos-afraid-of-dark,Who's afraid of Dark?,"<div data-cel-widget=""bookDescription_feature_div"" data-csa-c-id=""hzeyb0-dqt71y-wmhiid-hpjvgq"" data-csa-c-is-in-initial-active-row=""false"" data-csa-c-asin=""0140545506"" data-csa-c-slot-id=""bookDescription_feature_div"" data-csa-c-content-id=""bookDescription"" data-csa-c-type=""widget"" data-feature-name=""bookDescription"" class=""celwidget"" id=""bookDescription_feature_div"">
<div class=""a-expander-collapsed-height a-row a-expander-container a-spacing-base a-expander-partial-collapse-container"" data-a-expander-collapsed-height=""280"" data-a-expander-name=""book_description_expander""></div>
</div>
<p><em><strong>Preloved Story Book</strong></em></p>
<p><em><strong>Condition: 9.5/10</strong></em></p>
<p><em><strong>Age Group: 2 to 7 years</strong></em></p>
<p> </p>
<p><br></p>",Book Heaven,1,450,2(3).jpg,"story-books,baby-to-2yrs,3-to-5yrs,6-to-12yrs"
rocket-rules,Rocket Rules,"<div data-cel-widget=""bookDescription_feature_div"" data-csa-c-id=""hzeyb0-dqt71y-wmhiid-hpjvgq"" data-csa-c-is-in-initial-active-row=""false"" data-csa-c-asin=""0140545506"" data-csa-c-slot-id=""bookDescription_feature_div"" data-csa-c-content-id=""bookDescription"" data-csa-c-type=""widget"" data-feature-name=""bookDescription"" class=""celwidget"" id=""bookDescription_feature_div"">
<div class=""a-expander-collapsed-height a-row a-expander-container a-spacing-base a-expander-partial-collapse-container"" data-a-expander-collapsed-height=""280"" data-a-expander-name=""book_description_expander""></div>
</div>
<p><em><strong>Preloved Story Book</strong></em></p>
<p><em><strong>Condition: 9.5/10</strong></em></p>
<p><em><strong>Age Group: 2 to 7 years</strong></em></p>
<p> </p>
<p><br></p>",Book Heaven,1,375,3(6).jpg,"story-books,baby-to-2yrs,3-to-5yrs,6-to-12yrs"
goodnight-harry,Goodnight Harry,"<div data-cel-widget=""bookDescription_feature_div"" data-csa-c-id=""hzeyb0-dqt71y-wmhiid-hpjvgq"" data-csa-c-is-in-initial-active-row=""false"" data-csa-c-asin=""0140545506"" data-csa-c-slot-id=""bookDescription_feature_div"" data-csa-c-content-id=""bookDescription"" data-csa-c-type=""widget"" data-feature-name=""bookDescription"" class=""celwidget"" id=""bookDescription_feature_div"">
<div class=""a-expander-collapsed-height a-row a-expander-container a-spacing-base a-expander-partial-collapse-container"" data-a-expander-collapsed-height=""280"" data-a-expander-name=""book_description_expander""></div>
</div>
<p><em><strong>Preloved Story Book</strong></em></p>
<p><em><strong>Condition: 9.5/10</strong></em></p>
<p><em><strong>Age Group: Baby to 7 years</strong></em></p>
<p> </p>
<p><br></p>",Book Heaven,1,550,3(2).jpg,"story-books,baby-to-2yrs,3-to-5yrs,6-to-12yrs"
the-whales-on-the-bus,The whales on the Bus,"<div data-cel-widget=""bookDescription_feature_div"" data-csa-c-id=""hzeyb0-dqt71y-wmhiid-hpjvgq"" data-csa-c-is-in-initial-active-row=""false"" data-csa-c-asin=""0140545506"" data-csa-c-slot-id=""bookDescription_feature_div"" data-csa-c-content-id=""bookDescription"" data-csa-c-type=""widget"" data-feature-name=""bookDescription"" class=""celwidget"" id=""bookDescription_feature_div"">
<div class=""a-expander-collapsed-height a-row a-expander-container a-spacing-base a-expander-partial-collapse-container"" data-a-expander-collapsed-height=""280"" data-a-expander-name=""book_description_expander""></div>
</div>
<p><em><strong>Preloved Story Book</strong></em></p>
<p><em><strong>Condition: 9.5/10</strong></em></p>
<p><em><strong>Age Group: baby to 5 years</strong></em></p>
<p> </p>
<p><br></p>",Book Heaven,1,475,3(1).jpg,"story-books,baby-to-2yrs,3-to-5yrs"
steve-terror-of-the-seas,Steve Terror of the seas,"<div data-cel-widget=""bookDescription_feature_div"" data-csa-c-id=""hzeyb0-dqt71y-wmhiid-hpjvgq"" data-csa-c-is-in-initial-active-row=""false"" data-csa-c-asin=""0140545506"" data-csa-c-slot-id=""bookDescription_feature_div"" data-csa-c-content-id=""bookDescription"" data-csa-c-type=""widget"" data-feature-name=""bookDescription"" class=""celwidget"" id=""bookDescription_feature_div"">
<div class=""a-expander-collapsed-height a-row a-expander-container a-spacing-base a-expander-partial-collapse-container"" data-a-expander-collapsed-height=""280"" data-a-expander-name=""book_description_expander""></div>
</div>
<p><em><strong>New Story Book</strong></em></p>
<p><em><strong>Age Group: 2 to 7 years</strong></em></p>
<p> </p>
<p><br></p>",Book Heaven,1,575,,"story-books,baby-to-2yrs,3-to-5yrs,6-to-12yrs"
snuggle-up,Snuggle Up,"<div data-cel-widget=""bookDescription_feature_div"" data-csa-c-id=""hzeyb0-dqt71y-wmhiid-hpjvgq"" data-csa-c-is-in-initial-active-row=""false"" data-csa-c-asin=""0140545506"" data-csa-c-slot-id=""bookDescription_feature_div"" data-csa-c-content-id=""bookDescription"" data-csa-c-type=""widget"" data-feature-name=""bookDescription"" class=""celwidget"" id=""bookDescription_feature_div"">
<div class=""a-expander-collapsed-height a-row a-expander-container a-spacing-base a-expander-partial-collapse-container"" data-a-expander-collapsed-height=""280"" data-a-expander-name=""book_description_expander""></div>
</div>
<p><em><strong>Preloved Story Book</strong></em></p>
<p><em><strong>Condition: 9.5/10</strong></em></p>
<p><em><strong>Age Group: Baby to 5 years</strong></em></p>
<p> </p>
<p><br></p>",Book Heaven,1,450,3(9).jpg,"story-books,baby-to-2yrs,3-to-5yrs"
princess-mirror-belle-and-the-dragon-pox,Princess Mirror Belle and the dragon pox,"<div data-cel-widget=""bookDescription_feature_div"" data-csa-c-id=""hzeyb0-dqt71y-wmhiid-hpjvgq"" data-csa-c-is-in-initial-active-row=""false"" data-csa-c-asin=""0140545506"" data-csa-c-slot-id=""bookDescription_feature_div"" data-csa-c-content-id=""bookDescription"" data-csa-c-type=""widget"" data-feature-name=""bookDescription"" class=""celwidget"" id=""bookDescription_feature_div"">
<div class=""a-expander-collapsed-height a-row a-expander-container a-spacing-base a-expander-partial-collapse-container"" data-a-expander-collapsed-height=""280"" data-a-expander-name=""book_description_expander""></div>
</div>
<p><em><strong>Preloved Story Book</strong></em></p>
<p><em><strong>Condition: 9.5/10</strong></em></p>
<p><em><strong>Age Group: 2 to 7 years</strong></em></p>
<p> </p>
<p><br></p>",Book Heaven,1,650,3(5).jpg,"story-books,baby-to-2yrs,3-to-5yrs,6-to-12yrs"
the-button-book,The Button Book,"<div data-cel-widget=""bookDescription_feature_div"" data-csa-c-id=""hzeyb0-dqt71y-wmhiid-hpjvgq"" data-csa-c-is-in-initial-active-row=""false"" data-csa-c-asin=""0140545506"" data-csa-c-slot-id=""bookDescription_feature_div"" data-csa-c-content-id=""bookDescription"" data-csa-c-type=""widget"" data-feature-name=""bookDescription"" class=""celwidget"" id=""bookDescription_feature_div"">
<div class=""a-expander-collapsed-height a-row a-expander-container a-spacing-base a-expander-partial-collapse-container"" data-a-expander-collapsed-height=""280"" data-a-expander-name=""book_description_expander""></div>
</div>
<p><em><strong>Preloved Story Book</strong></em></p>
<p><em><strong>Condition: 9.5/10</strong></em></p>
<p><em><strong>Age Group: 3 to 7 years</strong></em></p>
<p> </p>
<p><br></p>",Book Heaven,1,475,3(4).jpg,"story-books,3-to-5yrs,6-to-12yrs"
the-dragon-who-didnt-like-fire,The dragon who didn't lie the fire,"<div data-cel-widget=""bookDescription_feature_div"" data-csa-c-id=""hzeyb0-dqt71y-wmhiid-hpjvgq"" data-csa-c-is-in-initial-active-row=""false"" data-csa-c-asin=""0140545506"" data-csa-c-slot-id=""bookDescription_feature_div"" data-csa-c-content-id=""bookDescription"" data-csa-c-type=""widget"" data-feature-name=""bookDescription"" class=""celwidget"" id=""bookDescription_feature_div"">
<div class=""a-expander-collapsed-height a-row a-expander-container a-spacing-base a-expander-partial-collapse-container"" data-a-expander-collapsed-height=""280"" data-a-expander-name=""book_description_expander""></div>
</div>
<p><em><strong>New Story Book</strong></em></p>
<p><em><strong>Age Group: 2 to 7 years</strong></em></p>
<p> </p>
<p><br></p>",Book Heaven,1,575,3(3).jpg,"story-books,baby-to-2yrs,3-to-5yrs,6-to-12yrs"
the-ketchup-on-your-cornflakes,The ketchup on your cornflakes,"<div data-cel-widget=""bookDescription_feature_div"" data-csa-c-id=""hzeyb0-dqt71y-wmhiid-hpjvgq"" data-csa-c-is-in-initial-active-row=""false"" data-csa-c-asin=""0140545506"" data-csa-c-slot-id=""bookDescription_feature_div"" data-csa-c-content-id=""bookDescription"" data-csa-c-type=""widget"" data-feature-name=""bookDescription"" class=""celwidget"" id=""bookDescription_feature_div"">
<div class=""a-expander-collapsed-height a-row a-expander-container a-spacing-base a-expander-partial-collapse-container"" data-a-expander-collapsed-height=""280"" data-a-expander-name=""book_description_expander""></div>
</div>
<p><em><strong>Preloved Story Book</strong></em></p>
<p><em><strong>Condition: 9.5/10</strong></em></p>
<p><em><strong>Age Group: 2 to 7 years</strong></em></p>
<p> </p>
<p><br></p>",Book Heaven,1,575,2(26).jpg,"story-books,baby-to-2yrs,3-to-5yrs,6-to-12yrs"
the-lucky-puppy,The Lucky Puppy,"""""""<div data-cel-widget=""""""""bookDescription_feature_div"""""""" data-csa-c-id=""""""""hzeyb0-dqt71y-wmhiid-hpjvgq"""""""" data-csa-c-is-in-initial-active-row=""""""""false"""""""" data-csa-c-asin=""""""""0140545506"""""""" data-csa-c-slot-id=""""""""bookDescription_feature_div"""""""" data-csa-c-content-id=""""""""bookDescription"""""""" data-csa-c-type=""""""""widget"""""""" data-feature-name=""""""""bookDescription"""""""" class=""""""""celwidget"""""""" id=""""""""bookDescription_feature_div"""""""">
<div class=""""""""a-expander-collapsed-height a-row a-expander-container a-spacing-base a-expander-partial-collapse-container"""""""" data-a-expander-collapsed-height=""""""""280"""""""" data-a-expander-name=""""""""book_description_expander""""""""></div>
</div>
<p><em><strong>Preloved Story Book</strong></em></p>
<p><em><strong>Condition: 10/10</strong></em></p>
<p><em><strong>Age Group: 2 to 7 years</strong></em></p>
<p> </p>
<p><br></p>""""""",Book Heaven,1,575,IMG_20250920_170651.jpg,"story-books,baby-to-2yrs,3-to-5yrs,6-to-12yrs"
bedtime-rhymes,Bedtime rhymes,"""""""""""""""<div data-cel-widget=""""""""""""""""bookDescription_feature_div"""""""""""""""" data-csa-c-id=""""""""""""""""hzeyb0-dqt71y-wmhiid-hpjvgq"""""""""""""""" data-csa-c-is-in-initial-active-row=""""""""""""""""false"""""""""""""""" data-csa-c-asin=""""""""""""""""0140545506"""""""""""""""" data-csa-c-slot-id=""""""""""""""""bookDescription_feature_div"""""""""""""""" data-csa-c-content-id=""""""""""""""""bookDescription"""""""""""""""" data-csa-c-type=""""""""""""""""widget"""""""""""""""" data-feature-name=""""""""""""""""bookDescription"""""""""""""""" class=""""""""""""""""celwidget"""""""""""""""" id=""""""""""""""""bookDescription_feature_div"""""""""""""""">
<div class=""""""""""""""""a-expander-collapsed-height a-row a-expander-container a-spacing-base a-expander-partial-collapse-container"""""""""""""""" data-a-expander-collapsed-height=""""""""""""""""280"""""""""""""""" data-a-expander-name=""""""""""""""""book_description_expander""""""""""""""""></div>
</div>
<p><em><strong>Preloved Story Book</strong></em></p>
<p><em><strong>Condition: 10/10</strong></em></p>
<p><em><strong>Age Group: baby to 7 years</strong></em></p>
<p> </p>
<p><br></p>""""""""""""""",Book Heaven,1,575,IMG_20250920_170758.jpg,"story-books,baby-to-2yrs,3-to-5yrs,6-to-12yrs"
adventure-stories,Adventure Stories,"""<div data-cel-widget=""""bookDescription_feature_div"""" data-csa-c-id=""""hzeyb0-dqt71y-wmhiid-hpjvgq"""" data-csa-c-is-in-initial-active-row=""""false"""" data-csa-c-asin=""""0140545506"""" data-csa-c-slot-id=""""bookDescription_feature_div"""" data-csa-c-content-id=""""bookDescription"""" data-csa-c-type=""""widget"""" data-feature-name=""""bookDescription"""" class=""""celwidget"""" id=""""bookDescription_feature_div"""">
<div class=""""a-expander-collapsed-height a-row a-expander-container a-spacing-base a-expander-partial-collapse-container"""" data-a-expander-collapsed-height=""""280"""" data-a-expander-name=""""book_description_expander""""></div>
</div>
<p><em><strong>Preloved Story Book</strong></em></p>
<p><em><strong>Condition: 10/10</strong></em></p>
<p><em><strong>Age Group: baby to 7 years</strong></em></p>
<p> </p>
<p><br></p>""",Book Heaven,1,650,IMG_20250920_170805.jpg,"story-books,baby-to-2yrs,3-to-5yrs,6-to-12yrs"
the-clean-machine,The Clean Machine,"""""""""""""""<div data-cel-widget=""""""""""""""""bookDescription_feature_div"""""""""""""""" data-csa-c-id=""""""""""""""""hzeyb0-dqt71y-wmhiid-hpjvgq"""""""""""""""" data-csa-c-is-in-initial-active-row=""""""""""""""""false"""""""""""""""" data-csa-c-asin=""""""""""""""""0140545506"""""""""""""""" data-csa-c-slot-id=""""""""""""""""bookDescription_feature_div"""""""""""""""" data-csa-c-content-id=""""""""""""""""bookDescription"""""""""""""""" data-csa-c-type=""""""""""""""""widget"""""""""""""""" data-feature-name=""""""""""""""""bookDescription"""""""""""""""" class=""""""""""""""""celwidget"""""""""""""""" id=""""""""""""""""bookDescription_feature_div"""""""""""""""">
<div class=""""""""""""""""a-expander-collapsed-height a-row a-expander-container a-spacing-base a-expander-partial-collapse-container"""""""""""""""" data-a-expander-collapsed-height=""""""""""""""""280"""""""""""""""" data-a-expander-name=""""""""""""""""book_description_expander""""""""""""""""></div>
</div>
<p><em><strong>Preloved Story Book</strong></em></p>
<p><em><strong>Condition: 10/10</strong></em></p>
<p><em><strong>Age Group: baby to 7 years</strong></em></p>
<p> </p>
<p><br></p>""""""""""""""",Book Heaven,1,550,1(4).jpg,"story-books,baby-to-2yrs,3-to-5yrs,6-to-12yrs"
t-rex,T-Rex,"""""""""""""""<div data-cel-widget=""""""""""""""""bookDescription_feature_div"""""""""""""""" data-csa-c-id=""""""""""""""""hzeyb0-dqt71y-wmhiid-hpjvgq"""""""""""""""" data-csa-c-is-in-initial-active-row=""""""""""""""""false"""""""""""""""" data-csa-c-asin=""""""""""""""""0140545506"""""""""""""""" data-csa-c-slot-id=""""""""""""""""bookDescription_feature_div"""""""""""""""" data-csa-c-content-id=""""""""""""""""bookDescription"""""""""""""""" data-csa-c-type=""""""""""""""""widget"""""""""""""""" data-feature-name=""""""""""""""""bookDescription"""""""""""""""" class=""""""""""""""""celwidget"""""""""""""""" id=""""""""""""""""bookDescription_feature_div"""""""""""""""">
<div class=""""""""""""""""a-expander-collapsed-height a-row a-expander-container a-spacing-base a-expander-partial-collapse-container"""""""""""""""" data-a-expander-collapsed-height=""""""""""""""""280"""""""""""""""" data-a-expander-name=""""""""""""""""book_description_expander""""""""""""""""></div>
</div>
<p><em><strong>Preloved Story Book</strong></em></p>
<p><em><strong>Condition: 10/10</strong></em></p>
<p><em><strong>Age Group: baby to 7 years</strong></em></p>
<p> </p>
<p><br></p>""""""""""""""",Book Heaven,1,650,1(3).jpg,"story-books,3-to-5yrs,6-to-12yrs"
keith-the-cat-with-magic-hat,keith the cat with Magic Hat,"""""""<div data-cel-widget=""""""""bookDescription_feature_div"""""""" data-csa-c-id=""""""""hzeyb0-dqt71y-wmhiid-hpjvgq"""""""" data-csa-c-is-in-initial-active-row=""""""""false"""""""" data-csa-c-asin=""""""""0140545506"""""""" data-csa-c-slot-id=""""""""bookDescription_feature_div"""""""" data-csa-c-content-id=""""""""bookDescription"""""""" data-csa-c-type=""""""""widget"""""""" data-feature-name=""""""""bookDescription"""""""" class=""""""""celwidget"""""""" id=""""""""bookDescription_feature_div"""""""">
<div class=""""""""a-expander-collapsed-height a-row a-expander-container a-spacing-base a-expander-partial-collapse-container"""""""" data-a-expander-collapsed-height=""""""""280"""""""" data-a-expander-name=""""""""book_description_expander""""""""></div>
</div>
<p><em><strong>Preloved Story Book</strong></em></p>
<p><em><strong>Condition: 10/10</strong></em></p>
<p><em><strong>Age Group: baby to 7 years</strong></em></p>
<p> </p>
<p><br></p>""""""",Book Heaven,1,650,1(2).jpg,"story-books,baby-to-2yrs,3-to-5yrs,6-to-12yrs"
harry-and-the-dinosaurs-go-wild,Harry and the Dinosaurs go Wild,"""""""<div data-cel-widget=""""""""bookDescription_feature_div"""""""" data-csa-c-id=""""""""hzeyb0-dqt71y-wmhiid-hpjvgq"""""""" data-csa-c-is-in-initial-active-row=""""""""false"""""""" data-csa-c-asin=""""""""0140545506"""""""" data-csa-c-slot-id=""""""""bookDescription_feature_div"""""""" data-csa-c-content-id=""""""""bookDescription"""""""" data-csa-c-type=""""""""widget"""""""" data-feature-name=""""""""bookDescription"""""""" class=""""""""celwidget"""""""" id=""""""""bookDescription_feature_div"""""""">
<div class=""""""""a-expander-collapsed-height a-row a-expander-container a-spacing-base a-expander-partial-collapse-container"""""""" data-a-expander-collapsed-height=""""""""280"""""""" data-a-expander-name=""""""""book_description_expander""""""""></div>
</div>
<p><em><strong>Preloved Story Book</strong></em></p>
<p><em><strong>Condition: 10/10</strong></em></p>
<p><em><strong>Age Group: baby to 7 years</strong></em></p>
<p> </p>
<p><br></p>""""""",Book Heaven,0,550,1(1).jpg,"story-books,baby-to-2yrs,3-to-5yrs,6-to-12yrs"
snuggle-up-sleepy-ones,Snuggle Up Sleepy Ones,"""""""<div data-cel-widget=""""""""bookDescription_feature_div"""""""" data-csa-c-id=""""""""hzeyb0-dqt71y-wmhiid-hpjvgq"""""""" data-csa-c-is-in-initial-active-row=""""""""false"""""""" data-csa-c-asin=""""""""0140545506"""""""" data-csa-c-slot-id=""""""""bookDescription_feature_div"""""""" data-csa-c-content-id=""""""""bookDescription"""""""" data-csa-c-type=""""""""widget"""""""" data-feature-name=""""""""bookDescription"""""""" class=""""""""celwidget"""""""" id=""""""""bookDescription_feature_div"""""""">
<div class=""""""""a-expander-collapsed-height a-row a-expander-container a-spacing-base a-expander-partial-collapse-container"""""""" data-a-expander-collapsed-height=""""""""280"""""""" data-a-expander-name=""""""""book_description_expander""""""""></div>
</div>
<p><em><strong>Preloved Story Book</strong></em></p>
<p><em><strong>Condition: 10/10</strong></em></p>
<p><em><strong>Age Group: baby to 7 years</strong></em></p>
<p> </p>
<p><br></p>""""""",Book Heaven,1,600,1(8).jpg,"story-books,baby-to-2yrs,3-to-5yrs,6-to-12yrs"
starry-nights,Starry Nights,"""""""<div data-cel-widget=""""""""bookDescription_feature_div"""""""" data-csa-c-id=""""""""hzeyb0-dqt71y-wmhiid-hpjvgq"""""""" data-csa-c-is-in-initial-active-row=""""""""false"""""""" data-csa-c-asin=""""""""0140545506"""""""" data-csa-c-slot-id=""""""""bookDescription_feature_div"""""""" data-csa-c-content-id=""""""""bookDescription"""""""" data-csa-c-type=""""""""widget"""""""" data-feature-name=""""""""bookDescription"""""""" class=""""""""celwidget"""""""" id=""""""""bookDescription_feature_div"""""""">
<div class=""""""""a-expander-collapsed-height a-row a-expander-container a-spacing-base a-expander-partial-collapse-container"""""""" data-a-expander-collapsed-height=""""""""280"""""""" data-a-expander-name=""""""""book_description_expander""""""""></div>
</div>
<p><em><strong>Preloved Story Book</strong></em></p>
<p><em><strong>Condition: 10/10</strong></em></p>
<p><em><strong>Age Group: 3 to 7 years</strong></em></p>
<p> </p>
<p><br></p>""""""",Book Heaven,1,595,1(7).jpg,"story-books,3-to-5yrs,6-to-12yrs"
hooray-for-harry,Hooray for Harry,"""""""<div data-cel-widget=""""""""bookDescription_feature_div"""""""" data-csa-c-id=""""""""hzeyb0-dqt71y-wmhiid-hpjvgq"""""""" data-csa-c-is-in-initial-active-row=""""""""false"""""""" data-csa-c-asin=""""""""0140545506"""""""" data-csa-c-slot-id=""""""""bookDescription_feature_div"""""""" data-csa-c-content-id=""""""""bookDescription"""""""" data-csa-c-type=""""""""widget"""""""" data-feature-name=""""""""bookDescription"""""""" class=""""""""celwidget"""""""" id=""""""""bookDescription_feature_div"""""""">
<div class=""""""""a-expander-collapsed-height a-row a-expander-container a-spacing-base a-expander-partial-collapse-container"""""""" data-a-expander-collapsed-height=""""""""280"""""""" data-a-expander-name=""""""""book_description_expander""""""""></div>
</div>
<p><em><strong>Preloved Story Book</strong></em></p>
<p><em><strong>Condition: 10/10</strong></em></p>
<p><em><strong>Age Group: baby to 7 years</strong></em></p>
<p> </p>
<p><br></p>""""""",Book Heaven,1,550,1(6).jpg,"story-books,baby-to-2yrs,3-to-5yrs,6-to-12yrs"
marvin-wanted-more,Marvin Wanted More,"""""""<div data-cel-widget=""""""""bookDescription_feature_div"""""""" data-csa-c-id=""""""""hzeyb0-dqt71y-wmhiid-hpjvgq"""""""" data-csa-c-is-in-initial-active-row=""""""""false"""""""" data-csa-c-asin=""""""""0140545506"""""""" data-csa-c-slot-id=""""""""bookDescription_feature_div"""""""" data-csa-c-content-id=""""""""bookDescription"""""""" data-csa-c-type=""""""""widget"""""""" data-feature-name=""""""""bookDescription"""""""" class=""""""""celwidget"""""""" id=""""""""bookDescription_feature_div"""""""">
<div class=""""""""a-expander-collapsed-height a-row a-expander-container a-spacing-base a-expander-partial-collapse-container"""""""" data-a-expander-collapsed-height=""""""""280"""""""" data-a-expander-name=""""""""book_description_expander""""""""></div>
</div>
<p><em><strong>Preloved Story Book</strong></em></p>
<p><em><strong>Condition: 8/10</strong></em></p>
<p><em><strong>Age Group: baby to 7 years</strong></em></p>
<p> </p>
<p><br></p>""""""",Book Heaven,1,450,1(5).jpg,"story-books,baby-to-2yrs,3-to-5yrs,6-to-12yrs"
little-monster-of-numbers,Little Monster of Numbers,"<p><strong>Preloved Board Book</strong></p>
<p><strong>Condition: 9.5/10</strong></p><p><strong>Age Group: baby to 6 years</strong></p>",Book Heaven,1,650,2(14).jpg,"board-books,baby-to-2yrs,3-to-5yrs,6-to-12yrs"
beat-the-fairy-squad,Beat The Fairy Squad,"<p><strong>Preloved Board Book</strong></p>
<p><strong>Condition: 10/10</strong></p><p><strong>Age Group: 4 to 8 years</strong></p>",Book Heaven,1,1200,2(16).jpg,"board-books,3-to-5yrs,6-to-12yrs"
usborne-first-hundred-words-in-english,USBOURNE First Hundred Words in English,"<p><strong>Preloved Story Book</strong></p>
<p><strong>Condition: 9.5/10</strong></p><p><strong>Age Group: baby to 5 years</strong></p>",Book Heaven,1,650,2(11).jpg,"story-books,baby-to-2yrs,3-to-5yrs"
bouncy-bunny,Bouncy Bunny,"<p><strong>Preloved Board Book</strong></p>
<p><strong>Condition: 10/10</strong></p><p><strong>Age Group: baby to 6 years</strong></p>",Book Heaven,0,550,2(13).jpg,"board-books,baby-to-2yrs,3-to-5yrs,6-to-12yrs"
finger-puppet,Finger Puppet,"<p><strong>Preloved Board Book</strong></p>
<p><strong>Condition: 9.5/10</strong></p><p><strong>Age Group: baby to 6 years</strong></p>",Book Heaven,1,1050,2(17).jpg,"board-books,baby-to-2yrs,3-to-5yrs,6-to-12yrs"
tale-of-peter-rabbit,The Tale of Peter Rabbit,"<p><strong>New Story Book</strong></p>
<p><strong>Condition: 10/10</strong></p><p><strong>Age Group: baby to 5 years</strong></p>",Book Heaven,1,750,2(18).jpg,"story-books,baby-to-2yrs,3-to-5yrs"
twinkle-twinkle,Twinkle Twinkle,"<p><strong>Preloved Board Book</strong></p>
<p><strong>Condition: 9.5/10</strong></p><p><strong>Age Group: baby to 5 years</strong></p>",Book Heaven,1,495,2(19).jpg,"story-books,baby-to-2yrs,3-to-5yrs"
if-you-are-happy-and-you-know-it,If you are Happy and you now it,"<p><strong>Preloved Board Book</strong></p>
<p><strong>Condition: 10/10</strong></p><p><strong>Age Group: baby to 5 years</strong></p>",Book Heaven,1,650,2(20).jpg,"story-books,baby-to-2yrs,3-to-5yrs"
wheres-baby-chick,Where's Baby Chick,"<p><strong>Preloved Board Book</strong></p>
<p><strong>Condition: 10/10</strong></p><p><strong>Age Group: baby to 5 years</strong></p>",Book Heaven,0,650,2(21).jpg,"story-books,baby-to-2yrs,3-to-5yrs"
im-a-fire-officer,I'm a Fire Officer,"<p><strong>Preloved Board Book</strong></p>
<p><strong>Condition: 9.5/10</strong></p><p><strong>Age Group: baby to 6 years</strong></p>",Book Heaven,1,495,2(22).jpg,"board-books,baby-to-2yrs,3-to-5yrs,6-to-12yrs"
my-first-123,My First 123,"<p><strong>Preloved Board Book</strong></p>
<p><strong>Condition: 9.5/10</strong></p><p><strong>Age Group: baby to 5 years</strong></p>",Book Heaven,1,575,2(23).jpg,"story-books,baby-to-2yrs,3-to-5yrs"
things-that-go,Things that go,"<p><strong>Preloved Board Book</strong></p>
<p><strong>Condition: 9.5/10</strong></p><p><strong>Age Group: baby to 5 years</strong></p>",Book Heaven,1,485,2(24).jpg,"story-books,baby-to-2yrs,3-to-5yrs"
whos-that-at-the-zoo,Who's that at the zoo,"<p><strong>Preloved Board Book</strong></p>
<p><strong>Condition: 9.5/10</strong></p><p><strong>Age Group: baby to 5 years</strong></p>",Book Heaven,1,575,2(25).jpg,"story-books,baby-to-2yrs,3-to-5yrs"
secret-life-of-pets,The Secret Life of Pets,"""""""""""""""<div data-cel-widget=""""""""""""""""bookDescription_feature_div"""""""""""""""" data-csa-c-id=""""""""""""""""hzeyb0-dqt71y-wmhiid-hpjvgq"""""""""""""""" data-csa-c-is-in-initial-active-row=""""""""""""""""false"""""""""""""""" data-csa-c-asin=""""""""""""""""0140545506"""""""""""""""" data-csa-c-slot-id=""""""""""""""""bookDescription_feature_div"""""""""""""""" data-csa-c-content-id=""""""""""""""""bookDescription"""""""""""""""" data-csa-c-type=""""""""""""""""widget"""""""""""""""" data-feature-name=""""""""""""""""bookDescription"""""""""""""""" class=""""""""""""""""celwidget"""""""""""""""" id=""""""""""""""""bookDescription_feature_div"""""""""""""""">
<div class=""""""""""""""""a-expander-collapsed-height a-row a-expander-container a-spacing-base a-expander-partial-collapse-container"""""""""""""""" data-a-expander-collapsed-height=""""""""""""""""280"""""""""""""""" data-a-expander-name=""""""""""""""""book_description_expander""""""""""""""""></div>
</div>
<p><em><strong>NewStory Book</strong></em></p>
<p><em><strong>Condition: 10/10</strong></em></p>
<p><em><strong>Age Group: 2 to 7 years</strong></em></p>
<p> </p>
<p><br></p>""""""""""""""",Book Heaven,1,1,2(10).jpg,"story-books,baby-to-2yrs,3-to-5yrs,6-to-12yrs"
hello-kitty-1,Hello Kitty 1,"<p><strong>Preloved Board Book</strong></p>
<p><strong>Condition: 10/10</strong></p><p><strong>Age Group: baby to 6 years</strong></p>",Book Heaven,1,659,2(9).jpg,"board-books,baby-to-2yrs,3-to-5yrs,6-to-12yrs"
curious-questions-answers-dinosaurs,Curious Questions & Answers about Dinosaurs,"""""""""""""""<div data-cel-widget=""""""""""""""""bookDescription_feature_div"""""""""""""""" data-csa-c-id=""""""""""""""""hzeyb0-dqt71y-wmhiid-hpjvgq"""""""""""""""" data-csa-c-is-in-initial-active-row=""""""""""""""""false"""""""""""""""" data-csa-c-asin=""""""""""""""""0140545506"""""""""""""""" data-csa-c-slot-id=""""""""""""""""bookDescription_feature_div"""""""""""""""" data-csa-c-content-id=""""""""""""""""bookDescription"""""""""""""""" data-csa-c-type=""""""""""""""""widget"""""""""""""""" data-feature-name=""""""""""""""""bookDescription"""""""""""""""" class=""""""""""""""""celwidget"""""""""""""""" id=""""""""""""""""bookDescription_feature_div"""""""""""""""">
<div class=""""""""""""""""a-expander-collapsed-height a-row a-expander-container a-spacing-base a-expander-partial-collapse-container"""""""""""""""" data-a-expander-collapsed-height=""""""""""""""""280"""""""""""""""" data-a-expander-name=""""""""""""""""book_description_expander""""""""""""""""></div>
</div>
<p><em><strong>New Story Book</strong></em></p>
<p><em><strong>Condition: 10/10</strong></em></p>
<p><em><strong>Age Group: 2 to 7 years</strong></em></p>
<p> </p>
<p><br></p>""""""""""""""",Book Heaven,1,1050,31 (11),"board-books,baby-to-2yrs,3-to-5yrs,6-to-12yrs"
the-little-matchgirl,The Little Matchgirl,"""""""""""""""<div data-cel-widget=""""""""""""""""bookDescription_feature_div"""""""""""""""" data-csa-c-id=""""""""""""""""hzeyb0-dqt71y-wmhiid-hpjvgq"""""""""""""""" data-csa-c-is-in-initial-active-row=""""""""""""""""false"""""""""""""""" data-csa-c-asin=""""""""""""""""0140545506"""""""""""""""" data-csa-c-slot-id=""""""""""""""""bookDescription_feature_div"""""""""""""""" data-csa-c-content-id=""""""""""""""""bookDescription"""""""""""""""" data-csa-c-type=""""""""""""""""widget"""""""""""""""" data-feature-name=""""""""""""""""bookDescription"""""""""""""""" class=""""""""""""""""celwidget"""""""""""""""" id=""""""""""""""""bookDescription_feature_div"""""""""""""""">
<div class=""""""""""""""""a-expander-collapsed-height a-row a-expander-container a-spacing-base a-expander-partial-collapse-container"""""""""""""""" data-a-expander-collapsed-height=""""""""""""""""280"""""""""""""""" data-a-expander-name=""""""""""""""""book_description_expander""""""""""""""""></div>
</div>
<p><em><strong>NewStory Book</strong></em></p>
<p><em><strong>Condition: 10/10</strong></em></p>
<p><em><strong>Age Group: 2 to 7 years</strong></em></p>
<p> </p>
<p><br></p>""""""""""""""",Book Heaven,1,650,31 (10),"board-books,baby-to-2yrs,3-to-5yrs,6-to-12yrs"
i-am-a-tiger,I am a tiger,"""""""<div data-cel-widget=""""""""bookDescription_feature_div"""""""" data-csa-c-id=""""""""hzeyb0-dqt71y-wmhiid-hpjvgq"""""""" data-csa-c-is-in-initial-active-row=""""""""false"""""""" data-csa-c-asin=""""""""0140545506"""""""" data-csa-c-slot-id=""""""""bookDescription_feature_div"""""""" data-csa-c-content-id=""""""""bookDescription"""""""" data-csa-c-type=""""""""widget"""""""" data-feature-name=""""""""bookDescription"""""""" class=""""""""celwidget"""""""" id=""""""""bookDescription_feature_div"""""""">
<div class=""""""""a-expander-collapsed-height a-row a-expander-container a-spacing-base a-expander-partial-collapse-container"""""""" data-a-expander-collapsed-height=""""""""280"""""""" data-a-expander-name=""""""""book_description_expander""""""""></div>
</div>
<p><em><strong>NewStory Book</strong></em></p>
<p><em><strong>Condition: 10/10</strong></em></p>
<p><em><strong>Age Group: 2 to 7 years</strong></em></p>
<p> </p>
<p><br></p>""""""",Book Heaven,1,550,31 (7),"board-books,baby-to-2yrs,3-to-5yrs,6-to-12yrs"
one-banana-two-bananas,"One Banana, Two Banana's","<p><strong>Preloved Story Book</strong></p>
<p><strong>Condition: 9.5/10</strong></p><p><strong>Age Group: 2 to 6years</strong></p>",Book Heaven,1,520,31 (8),"board-books,baby-to-2yrs,3-to-5yrs,6-to-12yrs"
are-you-there-baby-bear,Are you there Baby Bear?,"<p><strong>Preloved Story Book</strong></p>
<p><strong>Condition: 9.5/10</strong></p><p><strong>Age Group: baby to 6 years</strong></p>",Book Heaven,1,525,31 (6),"board-books,baby-to-2yrs,3-to-5yrs,6-to-12yrs"
jack-and-the-beanstalk,Jack and the Beanstalk,"<p><strong>Preloved Story Book</strong></p>
<p><strong>Condition: 9.5/10</strong></p><p><strong>Age Group: baby to 7 years</strong></p>",Book Heaven,1,520,31 (5),"board-books,baby-to-2yrs,3-to-5yrs,6-to-12yrs"
elmos-abc-song,Elmo's ABC Song,"<p><strong>Preloved Story Book</strong></p>
<p><strong>Condition: 9.5/10</strong></p><p><strong>Age Group: baby to 5 years</strong></p>",Book Heaven,1,600,31 (19),"board-books,baby-to-2yrs,3-to-5yrs"
red-blue-peekaboo,"Red,Blue Peeaboo","<p><strong>Preloved Board Book</strong></p>
<p><strong>Condition: 9.5/10</strong></p><p><strong>Age Group: baby to 5 years</strong></p>",Book Heaven,1,875,31 (4),"board-books,baby-to-2yrs,3-to-5yrs"
shapes-with-little-fish,Shapes with little Fish,"<p><strong>Preloved Board Book</strong></p>
<p><strong>Condition: 9.5/10</strong></p><p><strong>Age Group: baby to 5 years</strong></p>",Book Heaven,1,650,31 (2),"board-books,baby-to-2yrs,3-to-5yrs"
little-lamb,Little Lamb,"<p><strong>Preloved Board Book</strong></p>
<p><strong>Condition: 9.5/10</strong></p><p><strong>Age Group: baby to 5 years</strong></p>",Book Heaven,1,650,31 (1),"board-books,baby-to-2yrs,3-to-5yrs"
walk-through-the-seasons,Walk through the seasons,"<p><strong>Preloved Board Book</strong></p>
<p><strong>Condition: 9.5/10</strong></p><p><strong>Age Group: baby to 5 years</strong></p>",Book Heaven,1,650,31 (3),"board-books,baby-to-2yrs,3-to-5yrs"
catch-that-kitten,Catch that kitten,"<p><strong>Preloved Story Book</strong></p>
<p><strong>Condition: 9.5/10</strong></p><p><strong>Age Group: baby to 5 years</strong></p>",Book Heaven,1,750,31 (18),"story-books,baby-to-2yrs,3-to-5yrs"
flip-flap-minibeasts,Flip Flap MiniBeasts,"<p><strong>Preloved Board Book</strong></p>
<p><strong>Condition: 10/10</strong></p><p><strong>Age Group: baby to 5 years</strong></p>",Book Heaven,1,1350,31 (17),"board-books,baby-to-2yrs,3-to-5yrs"
zoom,Zoom,"<p><strong>Preloved Board Book</strong></p>
<p><strong>Condition: 10/10</strong></p><p><strong>Age Group: baby to 5 years</strong></p>",Book Heaven,1,575,31 (16),"board-books,baby-to-2yrs,3-to-5yrs"
in-the-garden,In the Garden,"<p><strong>New Board Book</strong></p>
<p><strong>Condition: 10/10</strong></p><p><strong>Age Group: baby to 5 years</strong></p>",Book Heaven,1,850,31 (15),"board-books,baby-to-2yrs,3-to-5yrs"
whose-tail-under-the-sea,Whose Tail? Under the Sea,"<p><strong>Preloved Board Book</strong></p>
<p><strong>Condition: 9.5/10</strong></p><p><strong>Age Group: baby to 5 years</strong></p>",Book Heaven,1,650,31 (14),"board-books,baby-to-2yrs,3-to-5yrs"
baby-touch-numbers,Baby Touch Numbers,"<p><strong>Preloved Board Book</strong></p>
<p><strong>Condition: 9.5/10</strong></p><p><strong>Age Group: baby to 5 years</strong></p>",Book Heaven,1,650,31 (13),"board-books,baby-to-2yrs,3-to-5yrs"
foxs-socks,Fox's Socs,"<p><strong>Preloved Board Book</strong></p>
<p><strong>Condition: 9.5/10</strong></p><p><strong>Age Group: baby to 5 years</strong></p>",Book Heaven,1,1050,31 (12),"board-books,baby-to-2yrs,3-to-5yrs"
